{"cameraMode":{"drawMode":0,"name":"Shaded","section":"Shading Mode"},"sceneLighting":false,"audioPlay":false,"sceneViewState":{"showFog":true,"showMaterialUpdate":false,"showSkybox":true,"showFlares":true,"showImageEffects":true,"showParticleSystems":true},"in2DMode":false,"pivot":{"x":4.5616559982299809,"y":-3.177309989929199,"z":4.2649006843566898},"rotation":{"x":0.17378675937652589,"y":0.7207109332084656,"z":-0.19505415856838227,"w":0.6421275734901428},"size":12.200827598571778,"orthographic":false}